Effective date ,Dow Jones U.S. Thematic Market Neutral Momentum Total Return Index,Dow Jones U.S. Thematic Market Neutral Momentum Index
30/04/10,957.32,
01/05/10,957.32,
02/05/10,957.32,
03/05/10,972.82,
04/05/10,959.97,
05/05/10,951.18,
06/05/10,935.77,
07/05/10,923.08,
08/05/10,923.08,
09/05/10,923.08,
10/05/10,953.27,
11/05/10,953.06,
12/05/10,965.23,
13/05/10,957.95,
14/05/10,944.8,
15/05/10,944.8,
16/05/10,944.8,
17/05/10,933.72,
18/05/10,923.3,
19/05/10,914.22,
20/05/10,901.52,
21/05/10,917.81,
22/05/10,917.81,
23/05/10,917.81,
24/05/10,914.92,
25/05/10,917.89,
26/05/10,923.04,
27/05/10,945.4,
28/05/10,937.17,
29/05/10,937.17,
30/05/10,937.17,
31/05/10,937.17,
01/06/10,927.16,
02/06/10,940.44,
03/06/10,943.02,
04/06/10,922.16,
05/06/10,922.16,
06/06/10,922.16,
07/06/10,908.84,
08/06/10,911.09,
09/06/10,917.19,
10/06/10,930.86,
11/06/10,936.23,
12/06/10,936.23,
13/06/10,936.23,
14/06/10,942.53,
15/06/10,951.72,
16/06/10,949.99,
17/06/10,945.05,
18/06/10,943.34,
19/06/10,943.34,
20/06/10,943.34,
21/06/10,944.06,
22/06/10,932.83,
23/06/10,934.72,
24/06/10,924.54,
25/06/10,931.82,
26/06/10,931.82,
27/06/10,931.82,
28/06/10,926.1,
29/06/10,910.01,
30/06/10,907.28,
01/07/10,903.29,
02/07/10,893.56,
03/07/10,893.56,
04/07/10,893.56,
05/07/10,893.56,
06/07/10,890.43,
07/07/10,905.45,
08/07/10,905.92,
09/07/10,910.75,
10/07/10,910.75,
11/07/10,910.75,
12/07/10,908.95,
13/07/10,918.1,
14/07/10,917.26,
15/07/10,911.03,
16/07/10,899.53,
17/07/10,899.53,
18/07/10,899.53,
19/07/10,901.41,
20/07/10,904.83,
21/07/10,905.82,
22/07/10,917.93,
23/07/10,927.5,
24/07/10,927.5,
25/07/10,927.5,
26/07/10,934.17,
27/07/10,927.47,
28/07/10,927.94,
29/07/10,932.46,
30/07/10,933.63,
31/07/10,933.63,
01/08/10,933.63,
02/08/10,936.53,
03/08/10,936.63,
04/08/10,939.63,
05/08/10,937.44,
06/08/10,936.25,
07/08/10,936.25,
08/08/10,936.25,
09/08/10,939.54,
10/08/10,937.02,
11/08/10,930.6,
12/08/10,928.46,
13/08/10,927.93,
14/08/10,927.93,
15/08/10,927.93,
16/08/10,930.3,
17/08/10,934.14,
18/08/10,934.73,
19/08/10,927.82,
20/08/10,929.05,
21/08/10,929.05,
22/08/10,929.05,
23/08/10,924.46,
24/08/10,920.04,
25/08/10,922.4,
26/08/10,921.73,
27/08/10,927.17,
28/08/10,927.17,
29/08/10,927.17,
30/08/10,923.52,
31/08/10,928.46,
01/09/10,934.08,
02/09/10,934.35,
03/09/10,936.96,
04/09/10,936.96,
05/09/10,936.96,
06/09/10,936.96,
07/09/10,934.13,
08/09/10,933.9,
09/09/10,927.89,
10/09/10,926.73,
11/09/10,926.73,
12/09/10,926.73,
13/09/10,932.4,
14/09/10,932,
15/09/10,932.24,
16/09/10,933.01,
17/09/10,935.15,
18/09/10,935.15,
19/09/10,935.15,
20/09/10,939.02,
21/09/10,938.41,
22/09/10,933.49,
23/09/10,931.5,
24/09/10,938.02,
25/09/10,938.02,
26/09/10,938.02,
27/09/10,940.6,
28/09/10,938.87,
29/09/10,940.7,
30/09/10,936.86,
01/10/10,938.43,
02/10/10,938.43,
03/10/10,938.43,
04/10/10,944.19,
05/10/10,950.58,
06/10/10,943.31,
07/10/10,944.22,
08/10/10,946.21,
09/10/10,946.21,
10/10/10,946.21,
11/10/10,945.05,
12/10/10,945.38,
13/10/10,946.61,
14/10/10,954.71,
15/10/10,953.55,
16/10/10,953.55,
17/10/10,953.55,
18/10/10,951.12,
19/10/10,948.99,
20/10/10,954.65,
21/10/10,957.1,
22/10/10,958.41,
23/10/10,958.41,
24/10/10,958.41,
25/10/10,960.66,
26/10/10,959.47,
27/10/10,958.58,
28/10/10,956.44,
29/10/10,955.97,
30/10/10,955.97,
31/10/10,955.97,
01/11/10,957.11,
02/11/10,958.76,
03/11/10,961.29,
04/11/10,961.14,
05/11/10,958.51,
06/11/10,958.51,
07/11/10,958.51,
08/11/10,956.7,
09/11/10,949.65,
10/11/10,953.32,
11/11/10,953.7,
12/11/10,952.05,
13/11/10,952.05,
14/11/10,952.05,
15/11/10,954.08,
16/11/10,950.41,
17/11/10,954.62,
18/11/10,958.23,
19/11/10,961.95,
20/11/10,961.95,
21/11/10,961.95,
22/11/10,971.47,
23/11/10,973.31,
24/11/10,980.06,
25/11/10,980.06,
26/11/10,982.36,
27/11/10,982.36,
28/11/10,982.36,
29/11/10,981.81,
30/11/10,986.07,
01/12/10,986.18,
02/12/10,980.01,
03/12/10,981.28,
04/12/10,981.28,
05/12/10,981.28,
06/12/10,982.76,
07/12/10,979.59,
08/12/10,969.96,
09/12/10,965.67,
10/12/10,962.72,
11/12/10,962.72,
12/12/10,962.72,
13/12/10,961.16,
14/12/10,956.71,
15/12/10,954.63,
16/12/10,953.85,
17/12/10,951.55,
18/12/10,951.55,
19/12/10,951.55,
20/12/10,953.14,
21/12/10,955.09,
22/12/10,946.18,
23/12/10,945.58,
24/12/10,945.58,
25/12/10,945.58,
26/12/10,945.58,
27/12/10,945.76,
28/12/10,944.07,
29/12/10,943.91,
30/12/10,943.95,
31/12/10,940.87,
01/01/11,940.87,
02/01/11,940.87,
03/01/11,946.55,
04/01/11,943.43,
05/01/11,942.01,
06/01/11,937.27,
07/01/11,939.23,
08/01/11,939.23,
09/01/11,939.23,
10/01/11,946.66,
11/01/11,941.62,
12/01/11,935.43,
13/01/11,937.02,
14/01/11,934.87,
15/01/11,934.87,
16/01/11,934.87,
17/01/11,934.87,
18/01/11,937.47,
19/01/11,932.38,
20/01/11,921.38,
21/01/11,918.35,
22/01/11,918.35,
23/01/11,918.35,
24/01/11,916.55,
25/01/11,917.22,
26/01/11,925.23,
27/01/11,932.19,
28/01/11,934.16,
29/01/11,934.16,
30/01/11,934.16,
31/01/11,935.29,
01/02/11,935.75,
02/02/11,933.95,
03/02/11,936.14,
04/02/11,938.25,
05/02/11,938.25,
06/02/11,938.25,
07/02/11,940.25,
08/02/11,942.52,
09/02/11,946.69,
10/02/11,951.04,
11/02/11,960.19,
12/02/11,960.19,
13/02/11,960.19,
14/02/11,964.38,
15/02/11,958.22,
16/02/11,959.01,
17/02/11,955.58,
18/02/11,953.03,
19/02/11,953.03,
20/02/11,953.03,
21/02/11,953.03,
22/02/11,948.91,
23/02/11,942.92,
24/02/11,944.49,
25/02/11,949.15,
26/02/11,949.15,
27/02/11,949.15,
28/02/11,948.53,
01/03/11,948.72,
02/03/11,952.63,
03/03/11,960.21,
04/03/11,964.59,
05/03/11,964.59,
06/03/11,964.59,
07/03/11,960.19,
08/03/11,959.61,
09/03/11,952.68,
10/03/11,948.06,
11/03/11,949.27,
12/03/11,949.27,
13/03/11,949.27,
14/03/11,948.97,
15/03/11,950.73,
16/03/11,951.7,
17/03/11,953.61,
18/03/11,951.32,
19/03/11,951.32,
20/03/11,951.32,
21/03/11,959,
22/03/11,954.44,
23/03/11,954.7,
24/03/11,957.61,
25/03/11,961.9,
26/03/11,961.9,
27/03/11,961.9,
28/03/11,960.84,
29/03/11,964.95,
30/03/11,965.61,
31/03/11,968.48,
01/04/11,966.46,
02/04/11,966.46,
03/04/11,966.46,
04/04/11,970.35,
05/04/11,967.71,
06/04/11,955.4,
07/04/11,952.21,
08/04/11,953.04,
09/04/11,953.04,
10/04/11,953.04,
11/04/11,947.19,
12/04/11,944.22,
13/04/11,953.71,
14/04/11,953.32,
15/04/11,954.81,
16/04/11,954.81,
17/04/11,954.81,
18/04/11,948.01,
19/04/11,954.69,
20/04/11,966,
21/04/11,974.88,
22/04/11,974.88,
23/04/11,974.88,
24/04/11,974.88,
25/04/11,973.24,
26/04/11,971.51,
27/04/11,972.24,
28/04/11,973,
29/04/11,974.3,
30/04/11,974.3,
01/05/11,974.3,
02/05/11,968.38,
03/05/11,957.47,
04/05/11,951.32,
05/05/11,951.59,
06/05/11,956.82,
07/05/11,956.82,
08/05/11,956.82,
09/05/11,965.81,
10/05/11,968.5,
11/05/11,960.59,
12/05/11,956.43,
13/05/11,956.37,
14/05/11,956.37,
15/05/11,956.37,
16/05/11,950.35,
17/05/11,945.98,
18/05/11,957.35,
19/05/11,957.87,
20/05/11,956.05,
21/05/11,956.05,
22/05/11,956.05,
23/05/11,951.77,
24/05/11,950.3,
25/05/11,961.49,
26/05/11,967.32,
27/05/11,967.2,
28/05/11,967.2,
29/05/11,967.2,
30/05/11,967.2,
31/05/11,967.7,
01/06/11,966.59,
02/06/11,967.42,
03/06/11,967.53,
04/06/11,967.53,
05/06/11,967.53,
06/06/11,965.61,
07/06/11,970,
08/06/11,967.21,
09/06/11,967.59,
10/06/11,962.34,
11/06/11,962.34,
12/06/11,962.34,
13/06/11,958.14,
14/06/11,963.82,
15/06/11,962.14,
16/06/11,957.26,
17/06/11,957.98,
18/06/11,957.98,
19/06/11,957.98,
20/06/11,963.23,
21/06/11,973.45,
22/06/11,974.74,
23/06/11,977.29,
24/06/11,979.6,
25/06/11,979.6,
26/06/11,979.6,
27/06/11,984.47,
28/06/11,992.25,
29/06/11,990.27,
30/06/11,991.41,
01/07/11,992.69,
02/07/11,992.69,
03/07/11,992.69,
04/07/11,992.69,
05/07/11,1007.05,
06/07/11,1010.79,
07/07/11,1009.9,
08/07/11,1013.61,
09/07/11,1013.61,
10/07/11,1013.61,
11/07/11,1011.52,
12/07/11,1004.54,
13/07/11,1005.54,
14/07/11,1004.88,
15/07/11,1004.68,
16/07/11,1004.68,
17/07/11,1004.68,
18/07/11,1007.73,
19/07/11,1013.41,
20/07/11,1006.77,
21/07/11,999.8,
22/07/11,1006.71,
23/07/11,1006.71,
24/07/11,1006.71,
25/07/11,1005.44,
26/07/11,1006.12,
27/07/11,997.44,
28/07/11,998.94,
29/07/11,1000,
30/07/11,1000,
31/07/11,1000,
01/08/11,1004.83,
02/08/11,997.87,
03/08/11,1000.35,
04/08/11,986.48,
05/08/11,979.83,
06/08/11,979.83,
07/08/11,979.83,
08/08/11,967.09,
09/08/11,989.55,
10/08/11,1000.94,
11/08/11,1010.32,
12/08/11,1017.75,
13/08/11,1017.75,
14/08/11,1017.75,
15/08/11,1017.77,
16/08/11,1009.62,
17/08/11,1003.45,
18/08/11,987.17,
19/08/11,979.13,
20/08/11,979.13,
21/08/11,979.13,
22/08/11,980.44,
23/08/11,993.37,
24/08/11,994.9,
25/08/11,992.48,
26/08/11,1001.62,
27/08/11,1001.62,
28/08/11,1001.62,
29/08/11,1003.4,
30/08/11,1005.49,
31/08/11,1003.63,
01/09/11,1005.19,
02/09/11,1006.27,
03/09/11,1006.27,
04/09/11,1006.27,
05/09/11,1006.27,
06/09/11,1009.68,
07/09/11,1010.24,
08/09/11,1013.09,
09/09/11,1006.5,
10/09/11,1006.5,
11/09/11,1006.5,
12/09/11,1007.44,
13/09/11,1013.16,
14/09/11,1016.35,
15/09/11,1014.44,
16/09/11,1015.27,
17/09/11,1015.27,
18/09/11,1015.27,
19/09/11,1024.51,
20/09/11,1018.09,
21/09/11,1014.03,
22/09/11,1003.46,
23/09/11,1001.81,
24/09/11,1001.81,
25/09/11,1001.81,
26/09/11,999.63,
27/09/11,1003.08,
28/09/11,997.57,
29/09/11,984.88,
30/09/11,980.21,
01/10/11,980.21,
02/10/11,980.21,
03/10/11,975.6,
04/10/11,979.29,
05/10/11,979.53,
06/10/11,988.67,
07/10/11,991.84,
08/10/11,991.84,
09/10/11,991.84,
10/10/11,1003.85,
11/10/11,1001.34,
12/10/11,999.25,
13/10/11,1003.8,
14/10/11,1011.23,
15/10/11,1011.23,
16/10/11,1011.23,
17/10/11,1010.77,
18/10/11,1001.63,
19/10/11,992.23,
20/10/11,990.77,
21/10/11,992.96,
22/10/11,992.96,
23/10/11,992.96,
24/10/11,1006.09,
25/10/11,1002.27,
26/10/11,1003.98,
27/10/11,1014.25,
28/10/11,1015.85,
29/10/11,1015.85,
30/10/11,1015.85,
31/10/11,1020.7,
01/11/11,1024.83,
02/11/11,1023.92,
03/11/11,1022.91,
04/11/11,1022.55,
05/11/11,1022.55,
06/11/11,1022.55,
07/11/11,1013.81,
08/11/11,1009.86,
09/11/11,1011.07,
10/11/11,1009.16,
11/11/11,1009.27,
12/11/11,1009.27,
13/11/11,1009.27,
14/11/11,1013.4,
15/11/11,1017.54,
16/11/11,1016.93,
17/11/11,1014.39,
18/11/11,1009.87,
19/11/11,1009.87,
20/11/11,1009.87,
21/11/11,1012.64,
22/11/11,1016.54,
23/11/11,1015.22,
24/11/11,1015.22,
25/11/11,1010.53,
26/11/11,1010.53,
27/11/11,1010.53,
28/11/11,1015.33,
29/11/11,1009.52,
30/11/11,1009.02,
01/12/11,1009.09,
02/12/11,1007.15,
03/12/11,1007.15,
04/12/11,1007.15,
05/12/11,996.7,
06/12/11,994.29,
07/12/11,987.52,
08/12/11,999.97,
09/12/11,1001.93,
10/12/11,1001.93,
11/12/11,1001.93,
12/12/11,1005.33,
13/12/11,1009.17,
14/12/11,1009.45,
15/12/11,1004.32,
16/12/11,1006.51,
17/12/11,1006.51,
18/12/11,1006.51,
19/12/11,1018.04,
20/12/11,1010.39,
21/12/11,1004.02,
22/12/11,990.78,
23/12/11,992.62,
24/12/11,992.62,
25/12/11,992.62,
26/12/11,992.62,
27/12/11,1000.99,
28/12/11,1005.11,
29/12/11,999.73,
30/12/11,995.73,
31/12/11,995.73,
01/01/12,995.73,
02/01/12,995.73,
03/01/12,979.82,
04/01/12,979.5,
05/01/12,982.84,
06/01/12,981.11,
07/01/12,981.11,
08/01/12,981.11,
09/01/12,979.02,
10/01/12,976.53,
11/01/12,970.96,
12/01/12,968.63,
13/01/12,978.85,
14/01/12,978.85,
15/01/12,978.85,
16/01/12,978.85,
17/01/12,986.44,
18/01/12,981.34,
19/01/12,974.91,
20/01/12,969.83,
21/01/12,969.83,
22/01/12,969.83,
23/01/12,967.8,
24/01/12,970.3,
25/01/12,968.33,
26/01/12,971.63,
27/01/12,972.43,
28/01/12,972.43,
29/01/12,972.43,
30/01/12,974.67,
31/01/12,977.81,
01/02/12,975.01,
02/02/12,970.27,
03/02/12,959.72,
04/02/12,959.72,
05/02/12,959.72,
06/02/12,959.1,
07/02/12,961.88,
08/02/12,959.74,
09/02/12,957.97,
10/02/12,962.31,
11/02/12,962.31,
12/02/12,962.31,
13/02/12,966.85,
14/02/12,971.02,
15/02/12,963.71,
16/02/12,955.73,
17/02/12,955.49,
18/02/12,955.49,
19/02/12,955.49,
20/02/12,955.49,
21/02/12,958.85,
22/02/12,967.27,
23/02/12,968.34,
24/02/12,970.36,
25/02/12,970.36,
26/02/12,970.36,
27/02/12,970.46,
28/02/12,971.57,
29/02/12,975.14,
01/03/12,975.2,
02/03/12,976.87,
03/03/12,976.87,
04/03/12,976.87,
05/03/12,988.56,
06/03/12,998.05,
07/03/12,996.97,
08/03/12,995.61,
09/03/12,991.4,
10/03/12,991.4,
11/03/12,991.4,
12/03/12,997.72,
13/03/12,987.97,
14/03/12,985.81,
15/03/12,973.45,
16/03/12,969.88,
17/03/12,969.88,
18/03/12,969.88,
19/03/12,970.79,
20/03/12,974.5,
21/03/12,977.51,
22/03/12,984.83,
23/03/12,983.76,
24/03/12,983.76,
25/03/12,983.76,
26/03/12,985.41,
27/03/12,986.19,
28/03/12,986.32,
29/03/12,988.02,
30/03/12,990.33,
31/03/12,990.33,
01/04/12,990.33,
02/04/12,991.85,
03/04/12,998.96,
04/04/12,1002.78,
05/04/12,1011.18,
06/04/12,1011.18,
07/04/12,1011.18,
08/04/12,1011.18,
09/04/12,1014.07,
10/04/12,1014.06,
11/04/12,1013.72,
12/04/12,1007.09,
13/04/12,1020.68,
14/04/12,1020.68,
15/04/12,1020.68,
16/04/12,1020.41,
17/04/12,1014.54,
18/04/12,1023.79,
19/04/12,1023.17,
20/04/12,1032.88,
21/04/12,1032.88,
22/04/12,1032.88,
23/04/12,1031.07,
24/04/12,1024.3,
25/04/12,1028.19,
26/04/12,1033.06,
27/04/12,1032.73,
28/04/12,1032.73,
29/04/12,1032.73,
30/04/12,1031.21,
01/05/12,1026.18,
02/05/12,1037.2,
03/05/12,1042.39,
04/05/12,1044.72,
05/05/12,1044.72,
06/05/12,1044.72,
07/05/12,1040.37,
08/05/12,1040.19,
09/05/12,1039.38,
10/05/12,1045.08,
11/05/12,1049.74,
12/05/12,1049.74,
13/05/12,1049.74,
14/05/12,1049.15,
15/05/12,1060.91,
16/05/12,1069.41,
17/05/12,1063.11,
18/05/12,1066.73,
19/05/12,1066.73,
20/05/12,1066.73,
21/05/12,1069.46,
22/05/12,1073.92,
23/05/12,1075.11,
24/05/12,1079.62,
25/05/12,1074.37,
26/05/12,1074.37,
27/05/12,1074.37,
28/05/12,1074.37,
29/05/12,1069.67,
30/05/12,1077.18,
31/05/12,1076.12,
01/06/12,1076.21,
02/06/12,1076.21,
03/06/12,1076.21,
04/06/12,1085.26,
05/06/12,1079.35,
06/06/12,1072.86,
07/06/12,1071.7,
08/06/12,1075.72,
09/06/12,1075.72,
10/06/12,1075.72,
11/06/12,1083.41,
12/06/12,1084.28,
13/06/12,1085.22,
14/06/12,1085.59,
15/06/12,1081.15,
16/06/12,1081.15,
17/06/12,1081.15,
18/06/12,1088.55,
19/06/12,1078.3,
20/06/12,1072.44,
21/06/12,1083.06,
22/06/12,1081.26,
23/06/12,1081.26,
24/06/12,1081.26,
25/06/12,1095.55,
26/06/12,1097.83,
27/06/12,1082.87,
28/06/12,1073.39,
29/06/12,1067.95,
30/06/12,1067.95,
01/07/12,1067.95,
02/07/12,1078.54,
03/07/12,1069.41,
04/07/12,1069.41,
05/07/12,1076.83,
06/07/12,1086.68,
07/07/12,1086.68,
08/07/12,1086.68,
09/07/12,1100.28,
10/07/12,1106.97,
11/07/12,1098.41,
12/07/12,1111.17,
13/07/12,1107.61,
14/07/12,1107.61,
15/07/12,1107.61,
16/07/12,1112.56,
17/07/12,1110.07,
18/07/12,1106.2,
19/07/12,1105.08,
20/07/12,1111.05,
21/07/12,1111.05,
22/07/12,1111.05,
23/07/12,1114.44,
24/07/12,1124.08,
25/07/12,1128.72,
26/07/12,1128.45,
27/07/12,1118.6,
28/07/12,1118.6,
29/07/12,1118.6,
30/07/12,1115.97,
31/07/12,1110.8,
01/08/12,1104.97,
02/08/12,1124.44,
03/08/12,1115.81,
04/08/12,1115.81,
05/08/12,1115.81,
06/08/12,1103.01,
07/08/12,1086.81,
08/08/12,1082.31,
09/08/12,1070.07,
10/08/12,1067.02,
11/08/12,1067.02,
12/08/12,1067.02,
13/08/12,1070.29,
14/08/12,1077.38,
15/08/12,1075.17,
16/08/12,1069.44,
17/08/12,1069.51,
18/08/12,1069.51,
19/08/12,1069.51,
20/08/12,1064.35,
21/08/12,1059.52,
22/08/12,1068.86,
23/08/12,1077.63,
24/08/12,1081.05,
25/08/12,1081.05,
26/08/12,1081.05,
27/08/12,1084.89,
28/08/12,1086.9,
29/08/12,1083.33,
30/08/12,1086.68,
31/08/12,1086,
01/09/12,1086,
02/09/12,1086,
03/09/12,1086,
04/09/12,1095.26,
05/09/12,1089.4,
06/09/12,1079.57,
07/09/12,1060.95,
08/09/12,1060.95,
09/09/12,1060.95,
10/09/12,1060.67,
11/09/12,1050.73,
12/09/12,1046.48,
13/09/12,1038.14,
14/09/12,1018.03,
15/09/12,1018.03,
16/09/12,1018.03,
17/09/12,1030.85,
18/09/12,1033.78,
19/09/12,1036.13,
20/09/12,1046.29,
21/09/12,1052.7,1056.43
22/09/12,1052.7,1056.43
23/09/12,1052.7,1056.43
24/09/12,1054.6,1058.32
25/09/12,1070.4,1074.14
26/09/12,1069.32,1072.97
27/09/12,1067.39,1071.15
28/09/12,1071.86,1075.66
29/09/12,1071.86,1075.66
30/09/12,1071.86,1075.66
01/10/12,1071.95,1075.81
02/10/12,1072.58,1076.44
03/10/12,1086.01,1089.92
04/10/12,1084.31,1088.2
05/10/12,1085.43,1089.41
06/10/12,1085.43,1089.41
07/10/12,1085.43,1089.41
08/10/12,1080.31,1084.26
09/10/12,1072.2,1076.19
10/10/12,1075.22,1079.14
11/10/12,1064.59,1068.61
12/10/12,1070.6,1074.65
13/10/12,1070.6,1074.65
14/10/12,1070.6,1074.65
15/10/12,1072.61,1076.64
16/10/12,1071.88,1075.92
17/10/12,1069.89,1073.94
18/10/12,1065.72,1069.88
19/10/12,1071.1,1075.26
20/10/12,1071.1,1075.26
21/10/12,1071.1,1075.26
22/10/12,1068.6,1072.76
23/10/12,1070.27,1074.42
24/10/12,1081.04,1085.21
25/10/12,1073.17,1077.38
26/10/12,1076.77,1080.96
27/10/12,1076.77,1080.96
28/10/12,1076.77,1080.96
29/10/12,1076.77,1080.96
30/10/12,1076.77,1080.96
31/10/12,1077.81,1081.83
01/11/12,1066.53,1070.49
02/11/12,1065.18,1069.16
03/11/12,1065.18,1069.16
04/11/12,1065.18,1069.16
05/11/12,1064.96,1068.99
06/11/12,1061.03,1065.03
07/11/12,1068.74,1072.95
08/11/12,1072.56,1076.89
09/11/12,1073.15,1077.42
10/11/12,1073.15,1077.42
11/11/12,1073.15,1077.42
12/11/12,1068.5,1072.74
13/11/12,1075.27,1079.63
14/11/12,1068.51,1072.83
15/11/12,1062.26,1066.56
16/11/12,1074.88,1079.24
17/11/12,1074.88,1079.24
18/11/12,1074.88,1079.24
19/11/12,1075.99,1080.28
20/11/12,1086.7,1091.12
21/11/12,1085.82,1090.3
22/11/12,1085.82,1090.3
23/11/12,1083.41,1087.79
24/11/12,1083.41,1087.79
25/11/12,1083.41,1087.79
26/11/12,1081.91,1086.32
27/11/12,1081,1085.41
28/11/12,1079.73,1084.24
29/11/12,1081.5,1086.18
30/11/12,1079.02,1083.86
01/12/12,1079.02,1083.86
02/12/12,1079.02,1083.86
03/12/12,1080.42,1085.32
04/12/12,1074.06,1078.99
05/12/12,1069.59,1074.48
06/12/12,1068.38,1073.08
07/12/12,1066.41,1071.18
08/12/12,1066.41,1071.18
09/12/12,1066.41,1071.18
10/12/12,1064.96,1069.82
11/12/12,1062.59,1067.47
12/12/12,1060.61,1065.45
13/12/12,1054.66,1060
14/12/12,1053.88,1059.19
15/12/12,1053.88,1059.19
16/12/12,1053.88,1059.19
17/12/12,1059.35,1064.61
18/12/12,1054.73,1060.02
19/12/12,1055.34,1060.57
20/12/12,1055.23,1060.18
21/12/12,1055.91,1060.82
22/12/12,1055.91,1060.82
23/12/12,1055.91,1060.82
24/12/12,1057.05,1061.77
25/12/12,1057.05,1061.77
26/12/12,1052.91,1057.5
27/12/12,1053.79,1058.4
28/12/12,1055.04,1059.73
29/12/12,1055.04,1059.73
30/12/12,1055.04,1059.73
31/12/12,1055.48,1060.14
02/01/13,1061.97,1066.75
03/01/13,1056.67,1061.39
04/01/13,1056.14,1060.86
05/01/13,1056.14,1060.86
06/01/13,1056.14,1060.86
07/01/13,1055.21,1059.93
08/01/13,1061.5,1066.34
09/01/13,1063.48,1068.55
10/01/13,1061,1065.8
11/01/13,1058.15,1063.06
12/01/13,1058.15,1063.06
13/01/13,1058.15,1063.06
14/01/13,1054.61,1059.51
15/01/13,1052.64,1057.53
16/01/13,1054.28,1059.11
17/01/13,1057.21,1062.16
18/01/13,1053.77,1058.68
19/01/13,1053.77,1058.68
20/01/13,1053.77,1058.68
22/01/13,1050.12,1055.02
23/01/13,1054.3,1059.2
24/01/13,1052.74,1057.74
25/01/13,1055.07,1060.06
26/01/13,1055.07,1060.06
27/01/13,1055.07,1060.06
28/01/13,1049.26,1054.29
29/01/13,1048.19,1053.02
30/01/13,1047.88,1052.82
31/01/13,1046.33,1051.3
01/02/13,1050.17,1055.16
02/02/13,1050.17,1055.16
03/02/13,1050.17,1055.16
04/02/13,1049.65,1054.67
05/02/13,1051.5,1056.6
06/02/13,1050.74,1055.81
07/02/13,1049.1,1054.12
08/02/13,1053.17,1058.22
09/02/13,1053.17,1058.22
10/02/13,1053.17,1058.22
11/02/13,1052.56,1057.61
12/02/13,1052.91,1058.08
13/02/13,1054.25,1059.48
14/02/13,1054.17,1059.49
15/02/13,1055.07,1060.39
16/02/13,1055.07,1060.39
17/02/13,1055.07,1060.39
19/02/13,1050.7,1055.97
20/02/13,1042.66,1047.91
21/02/13,1043.52,1048.8
22/02/13,1048.42,1053.73
23/02/13,1048.42,1053.73
24/02/13,1048.42,1053.73
25/02/13,1043.86,1049.12
26/02/13,1049.35,1054.69
27/02/13,1053.75,1059.18
28/02/13,1057.11,1062.56
01/03/13,1062.08,1067.5
02/03/13,1062.08,1067.5
03/03/13,1062.08,1067.5
04/03/13,1069.81,1075.3
05/03/13,1072.22,1077.66
06/03/13,1068.51,1074.08
07/03/13,1064.03,1069.74
08/03/13,1061.4,1067.09
09/03/13,1061.4,1067.09
10/03/13,1061.4,1067.09
11/03/13,1058.44,1064.31
12/03/13,1057.36,1063.37
13/03/13,1058.14,1064.39
14/03/13,1056.95,1063.12
15/03/13,1052.22,1058.37
16/03/13,1052.22,1058.37
17/03/13,1052.22,1058.37
18/03/13,1052.76,1058.96
19/03/13,1055.52,1061.78
20/03/13,1061.72,1068.05
21/03/13,1060.22,1066.67
22/03/13,1062.6,1069.06
23/03/13,1062.6,1069.06
24/03/13,1062.6,1069.06
25/03/13,1059.25,1065.7
26/03/13,1059.02,1065.51
27/03/13,1058.25,1064.85
28/03/13,1060.06,1066.56
30/03/13,1060.06,1066.56
31/03/13,1060.06,1066.56
01/04/13,1060.94,1067.49
02/04/13,1060.49,1067.06
03/04/13,1055.47,1061.97
04/04/13,1053.94,1060.44
05/04/13,1057.61,1064.17
06/04/13,1057.61,1064.17
07/04/13,1057.61,1064.17
08/04/13,1057.68,1064.29
09/04/13,1052.5,1059.08
10/04/13,1050.3,1056.9
11/04/13,1051.29,1057.96
12/04/13,1051.67,1058.38
15/04/13,1049.59,1056.27
16/04/13,1053.87,1060.58
17/04/13,1057.07,1063.8
18/04/13,1053.16,1059.91
19/04/13,1063.54,1070.39
22/04/13,1065.9,1072.72
23/04/13,1070,1076.85
24/04/13,1064.72,1071.56
25/04/13,1065.62,1072.4
26/04/13,1065.76,1072.44
29/04/13,1062.16,1068.89
30/04/13,1060.49,1067.17
01/05/13,1058.73,1065.4
02/05/13,1068.03,1074.8
03/05/13,1066.21,1073.11
06/05/13,1068.4,1075.31
07/05/13,1068.71,1075.74
08/05/13,1062.65,1069.62
09/05/13,1059.83,1066.96
10/05/13,1057.84,1065
13/05/13,1061,1068.28
14/05/13,1065.73,1073.03
15/05/13,1066.74,1074.07
16/05/13,1060.16,1067.3
17/05/13,1059.54,1066.64
20/05/13,1051.42,1058.48
21/05/13,1046.75,1053.82
22/05/13,1044.15,1051.2
23/05/13,1045.66,1052.82
24/05/13,1046.8,1053.94
28/05/13,1047.99,1055.08
29/05/13,1040.06,1047.21
30/05/13,1042.28,1049.56
31/05/13,1044.2,1051.44
03/06/13,1038.12,1045.23
04/06/13,1033.27,1040.31
05/06/13,1029.79,1036.85
06/06/13,1037.5,1044.61
07/06/13,1039.23,1046.37
10/06/13,1037.43,1044.65
11/06/13,1037.73,1044.96
12/06/13,1035.64,1042.88
13/06/13,1038.05,1045.23
14/06/13,1041.02,1048.2
17/06/13,1040.09,1047.18
18/06/13,1042.23,1049.4
19/06/13,1041.63,1048.81
20/06/13,1035.53,1042.73
21/06/13,1030,1037.32
24/06/13,1033.41,1040.72
25/06/13,1035.67,1042.81
26/06/13,1041.44,1048.52
27/06/13,1041.39,1048.75
28/06/13,1034.63,1042.01
01/07/13,1040.62,1047.94
02/07/13,1038.16,1045.46
03/07/13,1037.2,1044.48
05/07/13,1040.49,1047.81
08/07/13,1040.43,1047.89
09/07/13,1044.34,1051.79
10/07/13,1041.93,1049.39
11/07/13,1043.59,1051.15
12/07/13,1051.35,1058.96
15/07/13,1050.47,1058.07
16/07/13,1044.68,1052.24
17/07/13,1050.31,1057.96
18/07/13,1049.12,1056.81
19/07/13,1049.35,1057.06
22/07/13,1048.9,1056.58
23/07/13,1043.2,1050.83
24/07/13,1043.85,1051.5
25/07/13,1043.13,1050.76
26/07/13,1046.7,1054.36
29/07/13,1043.97,1051.5
30/07/13,1046.64,1054.19
31/07/13,1052.8,1060.39
01/08/13,1059.11,1066.78
02/08/13,1062.09,1069.74
05/08/13,1062.54,1070.27
06/08/13,1058.2,1065.88
07/08/13,1055.19,1062.9
08/08/13,1054,1061.82
09/08/13,1053.01,1060.89
12/08/13,1052.63,1060.61
13/08/13,1054.81,1062.9
14/08/13,1050,1058.14
15/08/13,1043.97,1051.99
16/08/13,1050.58,1058.69
19/08/13,1047.31,1055.38
20/08/13,1051.34,1059.46
21/08/13,1051.29,1059.51
22/08/13,1054.85,1063.03
23/08/13,1051.11,1059.26
26/08/13,1050.42,1058.56
27/08/13,1040.01,1048.06
28/08/13,1044.79,1052.83
29/08/13,1050.04,1058.05
30/08/13,1045.59,1053.49
03/09/13,1055.39,1063.4
04/09/13,1057.24,1065.27
05/09/13,1059.35,1067.3
06/09/13,1053.12,1061.07
09/09/13,1053.38,1061.32
10/09/13,1059.6,1067.6
11/09/13,1055.19,1063.29
12/09/13,1053.09,1061.42
13/09/13,1054.34,1062.67
16/09/13,1056.41,1064.75
17/09/13,1059.89,1068.27
18/09/13,1052.1,1060.45
19/09/13,1057.11,1065.55
20/09/13,1061.07,1069.52
23/09/13,1057.89,1066.38
24/09/13,1066.09,1074.85
25/09/13,1068.84,1077.62
26/09/13,1072.46,1082.13
27/09/13,1074.64,1084.68
30/09/13,1078.08,1088.18
01/10/13,1080.81,1090.92
02/10/13,1077.23,1087.29
03/10/13,1079.96,1090.03
04/10/13,1086.08,1096.21
07/10/13,1077.03,1087.06
08/10/13,1066.88,1076.86
09/10/13,1067.06,1077.06
10/10/13,1077.9,1088.12
11/10/13,1082.76,1093.02
14/10/13,1085.03,1095.3
15/10/13,1084.88,1095.15
16/10/13,1090.83,1101.12
17/10/13,1091.41,1101.78
18/10/13,1099.21,1109.7
21/10/13,1098.63,1109.1
22/10/13,1095.19,1105.65
23/10/13,1089.53,1099.96
24/10/13,1094.25,1104.71
25/10/13,1090.92,1101.36
28/10/13,1085.25,1095.67
29/10/13,1090.83,1101.24
30/10/13,1089.92,1100.33
31/10/13,1093.2,1103.77
01/11/13,1092,1102.62
04/11/13,1095.98,1106.71
05/11/13,1099.93,1110.89
06/11/13,1090.42,1101.46
07/11/13,1075.71,1086.8
08/11/13,1091.41,1102.88
11/11/13,1094.36,1105.86
12/11/13,1094.79,1106.12
13/11/13,1099.07,1110.66
14/11/13,1101.88,1113.29
15/11/13,1101.76,1113.16
18/11/13,1095.42,1106.83
19/11/13,1091.02,1102.39
20/11/13,1091.79,1103.17
21/11/13,1102.7,1114.12
22/11/13,1111.03,1122.48
25/11/13,1109.43,1120.87
26/11/13,1116.88,1128.31
27/11/13,1116.78,1128.32
29/11/13,1119,1130.45
02/12/13,1124.51,1135.98
03/12/13,1120.94,1132.5
04/12/13,1118.91,1130.47
05/12/13,1117.52,1129.12
06/12/13,1120.26,1131.92
09/12/13,1117.85,1129.49
10/12/13,1118.44,1130.06
11/12/13,1114.13,1125.88
12/12/13,1122.28,1134.22
13/12/13,1124.62,1136.7
16/12/13,1127.57,1139.68
17/12/13,1123.77,1135.82
18/12/13,1125.03,1137.15
19/12/13,1127.67,1139.74
20/12/13,1130.41,1142.51
23/12/13,1129.46,1141.7
24/12/13,1128.72,1141.35
26/12/13,1132.05,1144.87
27/12/13,1122.89,1136.41
30/12/13,1120.56,1134.33
31/12/13,1124.49,1138.38
02/01/14,1122.27,1136.11
03/01/14,1123.31,1137.24
06/01/14,1122.48,1136.41
07/01/14,1127.55,1141.53
08/01/14,1136.86,1151.06
09/01/14,1140.32,1154.58
10/01/14,1138.23,1152.49
13/01/14,1133.7,1148.02
14/01/14,1139.51,1153.92
15/01/14,1135.22,1149.54
16/01/14,1135,1149.35
17/01/14,1136.22,1150.59
21/01/14,1137.45,1151.83
22/01/14,1143.45,1157.82
23/01/14,1135.71,1149.99
24/01/14,1119.56,1133.63
27/01/14,1112.72,1126.74
28/01/14,1119.2,1133.35
29/01/14,1115.96,1130.18
30/01/14,1129.72,1144.13
31/01/14,1128.62,1143.02
03/02/14,1117.85,1132.09
04/02/14,1121.13,1135.43
05/02/14,1119.34,1133.63
06/02/14,1112.35,1126.76
07/02/14,1124.43,1139
10/02/14,1120.84,1135.4
11/02/14,1123.46,1138.28
12/02/14,1128.21,1143.21
13/02/14,1132.73,1147.86
14/02/14,1129.44,1144.7
18/02/14,1143.26,1158.72
19/02/14,1135.63,1151.19
20/02/14,1145.61,1161.23
21/02/14,1148.16,1163.84
24/02/14,1154.7,1170.47
25/02/14,1155.38,1171.16
26/02/14,1148.1,1163.76
27/02/14,1149.01,1164.59
28/02/14,1143.69,1159.12
03/03/14,1141.73,1157.26
04/03/14,1155.74,1171.57
05/03/14,1154.73,1170.69
06/03/14,1151.29,1167.34
07/03/14,1150.79,1166.87
10/03/14,1150.85,1166.93
11/03/14,1145.75,1161.83
12/03/14,1148.8,1164.96
13/03/14,1144.67,1160.88
14/03/14,1147,1163.24
17/03/14,1149.82,1166.16
18/03/14,1154.58,1170.93
19/03/14,1155.62,1172
20/03/14,1158.13,1174.61
21/03/14,1144.9,1161.26
24/03/14,1136.53,1152.79
25/03/14,1131.05,1147.26
26/03/14,1125.36,1141.59
27/03/14,1118.89,1135.67
28/03/14,1114.03,1131.1
31/03/14,1120.66,1137.84
01/04/14,1130.13,1147.56
02/04/14,1127.28,1144.63
03/04/14,1114.9,1132.09
04/04/14,1093.45,1110.34
07/04/14,1083.62,1100.36
08/04/14,1082.13,1098.95
09/04/14,1099.29,1116.48
10/04/14,1081.32,1098.31
11/04/14,1077.41,1094.48
14/04/14,1073.04,1090.04
15/04/14,1073.72,1090.66
16/04/14,1086.85,1104.02
17/04/14,1092.17,1109.42
21/04/14,1093.3,1110.58
22/04/14,1098.35,1115.71
23/04/14,1098.01,1115.36
24/04/14,1085.54,1102.66
25/04/14,1072.79,1089.71
28/04/14,1060.31,1077.15
29/04/14,1070.58,1087.59
30/04/14,1076.29,1093.36
01/05/14,1078.9,1096.18
02/05/14,1081.74,1099.03
05/05/14,1086.47,1104
06/05/14,1080.55,1098.05
07/05/14,1079.2,1096.7
08/05/14,1073.99,1091.64
09/05/14,1073.88,1091.56
12/05/14,1083.39,1101.21
13/05/14,1081.92,1099.65
14/05/14,1075.66,1093.47
15/05/14,1069.01,1086.76
16/05/14,1064.29,1081.95
19/05/14,1072.03,1089.9
20/05/14,1070.13,1088.09
21/05/14,1078.17,1096.32
22/05/14,1080.92,1099.06
23/05/14,1086.17,1104.37
27/05/14,1091.73,1110.02
28/05/14,1090.7,1109.07
29/05/14,1091.42,1109.73
30/05/14,1088.26,1106.53
02/06/14,1094.53,1112.94
03/06/14,1093.71,1112.17
04/06/14,1098.3,1117.14
05/06/14,1095.48,1114.4
06/06/14,1099.69,1118.62
09/06/14,1097.08,1115.99
10/06/14,1095.75,1114.66
11/06/14,1096.37,1115.37
12/06/14,1091.61,1110.62
13/06/14,1089.82,1108.74
16/06/14,1089.18,1108.1
17/06/14,1094.85,1113.81
18/06/14,1095.8,1114.81
19/06/14,1092.6,1111.56
20/06/14,1097.38,1116.43
23/06/14,1096.35,1115.42
24/06/14,1090.79,1109.81
25/06/14,1099.74,1119.09
26/06/14,1100.66,1120.42
27/06/14,1100.04,1119.97
30/06/14,1099.55,1119.64
01/07/14,1105.35,1125.52
02/07/14,1102.6,1122.74
03/07/14,1104.21,1124.47
07/07/14,1099.2,1119.39
08/07/14,1093.59,1113.86
09/07/14,1097.91,1118.26
10/07/14,1099.53,1119.94
11/07/14,1100.98,1121.42
14/07/14,1103.43,1123.9
15/07/14,1098.55,1118.91
16/07/14,1094.01,1114.34
17/07/14,1087.9,1108.11
18/07/14,1095.99,1116.35
21/07/14,1097.98,1118.37
22/07/14,1102.64,1123.13
23/07/14,1102.87,1123.38
24/07/14,1100.98,1121.51
25/07/14,1098.61,1119.09
28/07/14,1096.46,1116.97
29/07/14,1092.03,1112.5
30/07/14,1091.34,1111.91
31/07/14,1081.71,1102.11
01/08/14,1084.02,1104.51
04/08/14,1086.57,1107.24
05/08/14,1079.38,1099.93
06/08/14,1075.9,1096.47
07/08/14,1075.37,1096.01
08/08/14,1074.57,1095.23
11/08/14,1073.88,1094.65
12/08/14,1074.16,1094.99
13/08/14,1084.64,1106
14/08/14,1082.28,1103.54
15/08/14,1085.51,1106.85
18/08/14,1087.47,1108.91
19/08/14,1086.35,1107.76
20/08/14,1085.6,1107.13
21/08/14,1082.46,1103.88
22/08/14,1086.56,1108.07
25/08/14,1089.84,1111.51
26/08/14,1086.15,1107.82
27/08/14,1085.38,1106.94
28/08/14,1087.43,1109.07
29/08/14,1088.14,1109.78
02/09/14,1093.56,1115.34
03/09/14,1091.36,1113.2
04/09/14,1087.52,1109.34
05/09/14,1089.69,1111.59
08/09/14,1092.07,1114.01
09/09/14,1090.79,1112.75
10/09/14,1093.6,1115.61
11/09/14,1090.6,1112.5
12/09/14,1087.06,1108.9
15/09/14,1082.99,1104.76
16/09/14,1089.94,1111.91
17/09/14,1094.33,1116.35
18/09/14,1094.53,1116.47
19/09/14,1095.74,1117.67
22/09/14,1093.64,1115.54
23/09/14,1095.54,1117.51
24/09/14,1098.89,1121.1
25/09/14,1096.84,1119.06
26/09/14,1100.96,1122.89
29/09/14,1100.75,1122.76
30/09/14,1098.79,1120.85
01/10/14,1092.21,1114.08
02/10/14,1089.15,1110.97
03/10/14,1098.87,1120.91
06/10/14,1092.57,1114.54
07/10/14,1088.7,1110.57
08/10/14,1088.66,1110.73
09/10/14,1083.12,1105.07
10/10/14,1071.73,1093.52
13/10/14,1052.16,1073.57
14/10/14,1047.21,1068.52
15/10/14,1044.42,1065.75
16/10/14,1053.47,1075
17/10/14,1064.05,1085.8
20/10/14,1064.08,1085.83
21/10/14,1072.97,1094.91
22/10/14,1074.67,1096.67
23/10/14,1075.9,1097.93
24/10/14,1079.02,1101.11
27/10/14,1080.28,1102.4
28/10/14,1081.97,1104.17
29/10/14,1089.08,1111.42
30/10/14,1085.4,1107.79
31/10/14,1088.61,1111.06
03/11/14,1092.79,1115.53
04/11/14,1095.23,1118.05
05/11/14,1091.28,1114.04
06/11/14,1091.55,1114.17
07/11/14,1078.45,1100.87
10/11/14,1084.75,1107.27
11/11/14,1083.12,1105.61
12/11/14,1077.34,1099.97
13/11/14,1081.96,1104.58
14/11/14,1081.08,1103.62
17/11/14,1082.41,1105
18/11/14,1089.89,1112.61
19/11/14,1088.93,1111.69
20/11/14,1084.05,1106.71
21/11/14,1080.96,1103.62
24/11/14,1083.93,1106.68
25/11/14,1087,1109.76
26/11/14,1095.13,1118.1
28/11/14,1101.78,1124.86
01/12/14,1100.76,1123.82
02/12/14,1107.03,1130.25
03/12/14,1104.76,1128.09
04/12/14,1110.25,1133.9
05/12/14,1110.02,1133.65
08/12/14,1115.24,1138.98
09/12/14,1110.38,1134.09
10/12/14,1116.67,1140.36
11/12/14,1116.81,1140.2
12/12/14,1116.83,1140.2
15/12/14,1115.77,1139.13
16/12/14,1110.83,1134.14
17/12/14,1110.33,1133.65
18/12/14,1110.7,1134.01
19/12/14,1103.3,1126.49
22/12/14,1105.6,1128.73
23/12/14,1098.2,1121.2
24/12/14,1104.02,1127.14
26/12/14,1104.64,1127.88
29/12/14,1101.85,1124.66
30/12/14,1100.62,1123.26
31/12/14,1099.14,1121.78
02/01/15,1103.69,1126.45
05/01/15,1117.51,1140.5
06/01/15,1122.32,1145.41
07/01/15,1126.95,1150.17
08/01/15,1129.41,1152.64
09/01/15,1135.91,1159.26
12/01/15,1137.98,1161.38
13/01/15,1142.04,1165.64
14/01/15,1149.41,1173.08
15/01/15,1155.14,1178.89
16/01/15,1157.91,1181.73
20/01/15,1163.45,1187.36
21/01/15,1156.37,1180.26
22/01/15,1156.51,1180.4
23/01/15,1163.08,1187.1
26/01/15,1161.01,1185.03
27/01/15,1161.4,1185.45
28/01/15,1168.97,1193.31
29/01/15,1175.47,1199.73
30/01/15,1164.78,1188.88
02/02/15,1147.58,1171.37
03/02/15,1132.08,1155.51
04/02/15,1143.6,1167.28
05/02/15,1140.87,1164.54
06/02/15,1129.17,1152.76
09/02/15,1117.07,1140.44
10/02/15,1128.23,1151.78
11/02/15,1127.7,1151.43
12/02/15,1123.85,1147.35
13/02/15,1112.52,1135.71
17/02/15,1110.38,1133.69
18/02/15,1120.77,1144.51
19/02/15,1114.08,1137.64
20/02/15,1118.23,1141.97
23/02/15,1129.33,1153.26
24/02/15,1121.55,1145.33
25/02/15,1114.31,1137.99
26/02/15,1119.1,1142.96
27/02/15,1120.3,1144.25
02/03/15,1124.57,1148.66
03/03/15,1120.83,1144.82
04/03/15,1120.58,1144.66
05/03/15,1123.71,1147.67
06/03/15,1115.84,1139.67
09/03/15,1123.22,1147.24
10/03/15,1125.94,1149.99
11/03/15,1126.51,1150.45
12/03/15,1129.37,1153.39
13/03/15,1135.97,1160.23
16/03/15,1145.02,1169.52
17/03/15,1144.17,1168.65
18/03/15,1143.93,1168.38
19/03/15,1152.27,1176.92
20/03/15,1151.64,1176.24
23/03/15,1146.03,1170.51
24/03/15,1147.83,1172.35
25/03/15,1138.49,1162.76
26/03/15,1137.04,1161.27
27/03/15,1145.82,1169.73
30/03/15,1150.2,1174.09
31/03/15,1146.13,1169.99
01/04/15,1146.15,1170
02/04/15,1139.5,1163.22
06/04/15,1129.66,1153.19
07/04/15,1125.04,1148.46
08/04/15,1131.4,1154.93
09/04/15,1123.73,1147.1
10/04/15,1127.91,1151.4
13/04/15,1123.59,1146.96
14/04/15,1118.6,1141.81
15/04/15,1101.16,1123.89
16/04/15,1106.26,1129.15
17/04/15,1107.92,1130.84
20/04/15,1111.11,1134.08
21/04/15,1122.68,1145.9
22/04/15,1118.38,1141.54
23/04/15,1115.25,1138.39
24/04/15,1114.78,1137.94
27/04/15,1106.88,1129.88
28/04/15,1101.3,1123.99
29/04/15,1084.89,1107.34
30/04/15,1079.06,1101.44
01/05/15,1085.5,1108.07
04/05/15,1083.18,1105.7
05/05/15,1077.34,1099.69
06/05/15,1080.18,1102.52
07/05/15,1093.05,1115.63
08/05/15,1093.67,1116.22
11/05/15,1092.7,1115.22
12/05/15,1089.02,1111.48
13/05/15,1085.43,1107.92
14/05/15,1092.36,1114.82
15/05/15,1094.72,1117.19
18/05/15,1097.97,1120.44
19/05/15,1102.87,1125.38
20/05/15,1099.71,1122.25
21/05/15,1096.31,1118.92
22/05/15,1097.75,1120.33
26/05/15,1102.21,1124.82
27/05/15,1111.64,1134.59
28/05/15,1113.48,1136.52
29/05/15,1116.93,1140.1
01/06/15,1120.08,1143.35
02/06/15,1109.56,1132.67
03/06/15,1107.11,1130.27
04/06/15,1107.2,1130.36
05/06/15,1108.53,1131.69
08/06/15,1108.06,1131.19
09/06/15,1107.84,1131.13
10/06/15,1109.57,1132.77
11/06/15,1113.29,1136.49
12/06/15,1114.53,1137.8
15/06/15,1117.68,1140.99
16/06/15,1119.98,1143.35
17/06/15,1119.29,1142.63
18/06/15,1124.39,1147.92
19/06/15,1125.59,1149.14
22/06/15,1128.16,1151.77
23/06/15,1125.66,1149.14
24/06/15,1124.4,1147.82
25/06/15,1133.21,1156.74
26/06/15,1131.8,1155.58
29/06/15,1132.16,1155.94
30/06/15,1136.78,1160.7
01/07/15,1147.71,1171.81
02/07/15,1147.38,1171.46
06/07/15,1157.06,1181.38
07/07/15,1154.91,1179.18
08/07/15,1161.89,1186.27
09/07/15,1163.22,1187.65
10/07/15,1176.47,1201.21
13/07/15,1173.12,1197.83
14/07/15,1174.99,1199.74
15/07/15,1181.74,1206.59
16/07/15,1187.93,1212.93
17/07/15,1193.79,1218.92
20/07/15,1202.96,1228.25
21/07/15,1202.5,1227.78
22/07/15,1208.18,1233.74
23/07/15,1207.45,1232.91
24/07/15,1214.39,1240.03
27/07/15,1212.71,1238.32
28/07/15,1209.16,1234.75
29/07/15,1207.51,1233.05
30/07/15,1213.07,1238.87
31/07/15,1213.66,1239.42
03/08/15,1220.85,1246.78
04/08/15,1221.47,1247.46
05/08/15,1234.33,1260.58
06/08/15,1219.23,1245.25
07/08/15,1223.32,1249.55
10/08/15,1207.17,1233.06
11/08/15,1213.43,1239.5
12/08/15,1206.4,1232.39
13/08/15,1220.29,1246.56
14/08/15,1222.3,1248.58
17/08/15,1224.04,1250.33
18/08/15,1222.7,1248.99
19/08/15,1227.08,1253.54
20/08/15,1223.2,1249.6
21/08/15,1217.49,1243.94
24/08/15,1212.73,1239.08
25/08/15,1220.18,1246.71
26/08/15,1227.85,1254.6
27/08/15,1214.48,1241.12
28/08/15,1208.36,1235.05
31/08/15,1198,1224.55
01/09/15,1200.8,1227.41
02/09/15,1208.75,1235.73
03/09/15,1207.22,1234.33
04/09/15,1213.12,1240.39
08/09/15,1221.03,1248.62
09/09/15,1223.26,1250.85
10/09/15,1225.87,1253.62
11/09/15,1235.46,1263.5
14/09/15,1237.1,1265.2
15/09/15,1232.28,1260.19
16/09/15,1217.92,1245.6
17/09/15,1225.38,1253.25
18/09/15,1236.21,1264.44
21/09/15,1242.5,1270.87
22/09/15,1248.48,1276.88
23/09/15,1265.39,1294.17
24/09/15,1263.17,1291.88
25/09/15,1268.14,1297.03
28/09/15,1265.2,1294.77
29/09/15,1260.24,1289.72
30/09/15,1262.1,1291.74
01/10/15,1279.27,1309.09
02/10/15,1265.87,1295.36
05/10/15,1244.23,1273.29
06/10/15,1217.5,1245.99
07/10/15,1211.38,1239.73
08/10/15,1200.8,1228.88
09/10/15,1210.98,1239.29
12/10/15,1235.18,1264.06
13/10/15,1231.51,1260.23
14/10/15,1219.86,1248.12
15/10/15,1233.51,1262.02
16/10/15,1248.55,1277.42
19/10/15,1256.12,1285.13
20/10/15,1245.08,1273.89
21/10/15,1251.73,1280.88
22/10/15,1250.87,1280.09
23/10/15,1251.33,1280.49
26/10/15,1263.61,1293.06
27/10/15,1276.98,1306.71
28/10/15,1270.01,1299.69
29/10/15,1262.05,1291.48
30/10/15,1254.98,1284.24
02/11/15,1246.94,1276
03/11/15,1236.49,1265.23
04/11/15,1237.19,1265.92
05/11/15,1235.91,1264.59
06/11/15,1236.94,1265.73
09/11/15,1243.41,1272.44
10/11/15,1252.18,1281.53
11/11/15,1268.46,1298.18
12/11/15,1272.36,1302.41
13/11/15,1271.4,1301.43
16/11/15,1261.89,1291.6
17/11/15,1276.96,1307.01
18/11/15,1273.71,1303.85
19/11/15,1276.55,1306.69
20/11/15,1280.65,1311.11
23/11/15,1281.56,1312.07
24/11/15,1271.06,1301.43
25/11/15,1272.24,1302.78
27/11/15,1283.95,1314.69
30/11/15,1271.95,1302.35
01/12/15,1272.7,1303.14
02/12/15,1280.69,1311.46
03/12/15,1278.71,1309.48
04/12/15,1304.41,1335.8
07/12/15,1304.44,1335.9
08/12/15,1321.63,1353.81
09/12/15,1305.6,1337.41
10/12/15,1302.09,1333.77
11/12/15,1309.26,1341.32
14/12/15,1325.68,1358.16
15/12/15,1322.98,1355.41
16/12/15,1321.31,1353.72
17/12/15,1327.54,1360.09
18/12/15,1319.78,1352.24
21/12/15,1318.97,1351.4
22/12/15,1306.68,1338.65
23/12/15,1289.13,1320.43
24/12/15,1290.89,1322.26
28/12/15,1304.4,1336.21
29/12/15,1302.82,1335.29
30/12/15,1308.02,1340.58
31/12/15,1298.64,1330.99
04/01/16,1278.19,1310.09
05/01/16,1287.06,1319.18
06/01/16,1305.37,1337.87
07/01/16,1315.06,1347.86
08/01/16,1314.6,1347.44
11/01/16,1330.08,1363.3
12/01/16,1345.79,1379.38
13/01/16,1341.93,1375.27
14/01/16,1342.38,1375.69
15/01/16,1344.26,1377.57
19/01/16,1357.13,1390.79
20/01/16,1351.45,1385.14
21/01/16,1331.2,1364.4
22/01/16,1338.56,1371.94
25/01/16,1349.66,1383.31
26/01/16,1334.06,1367.31
27/01/16,1324.46,1357.63
28/01/16,1331.09,1364.71
29/01/16,1323.68,1357.22
01/02/16,1325.98,1359.39
02/02/16,1340.73,1374.53
03/02/16,1313.46,1346.58
04/02/16,1280.43,1312.72
05/02/16,1265.2,1297.22
08/02/16,1278.47,1310.77
09/02/16,1299.37,1332.26
10/02/16,1305.59,1338.94
11/02/16,1318.77,1352.75
12/02/16,1301.37,1335.05
16/02/16,1283.71,1317.04
17/02/16,1264.29,1297.17
18/02/16,1253.62,1286.21
19/02/16,1275.92,1309.08
22/02/16,1259.27,1292.04
23/02/16,1269.13,1302.13
24/02/16,1273.9,1307.04
25/02/16,1277.54,1310.74
26/02/16,1259.53,1292.21
29/02/16,1254.96,1287.55
01/03/16,1244.78,1277.14
02/03/16,1224.55,1256.43
03/03/16,1201.92,1233.6
04/03/16,1190.95,1222.4
07/03/16,1168.16,1198.98
08/03/16,1204.4,1236.15
09/03/16,1205.54,1237.5
10/03/16,1211.33,1243.44
11/03/16,1189.71,1221.27
14/03/16,1191.67,1223.18
15/03/16,1217.32,1249.58
16/03/16,1203.43,1235.39
17/03/16,1187.13,1218.7
18/03/16,1177.51,1208.85
21/03/16,1175.95,1207.19
22/03/16,1173.33,1204.58
23/03/16,1201.2,1233.12
24/03/16,1198.72,1230.57
28/03/16,1206.25,1238.34
29/03/16,1201.99,1234.47
30/03/16,1205.21,1237.67
31/03/16,1191.77,1223.91
01/04/16,1203.3,1235.73
04/04/16,1208.03,1240.59
05/04/16,1209.13,1241.73
06/04/16,1204.27,1236.69
07/04/16,1211.88,1244.39
08/04/16,1209.99,1242.44
11/04/16,1206.17,1238.53
12/04/16,1194,1225.97
13/04/16,1171.33,1202.48
14/04/16,1170.98,1202.2
15/04/16,1175.95,1207.31
18/04/16,1177.33,1208.73
19/04/16,1166.43,1197.52
20/04/16,1153.47,1184.28
21/04/16,1143,1173.65
22/04/16,1131.74,1162.06
25/04/16,1149.08,1179.84
26/04/16,1137.64,1168.08
27/04/16,1131.6,1161.81
28/04/16,1139.03,1169.56
29/04/16,1149.09,1180.13
02/05/16,1159.24,1190.54
03/05/16,1170.91,1202.45
04/05/16,1180.13,1212.09
05/05/16,1186,1218.32
06/05/16,1193.87,1226.53
09/05/16,1202.56,1235.45
10/05/16,1196.82,1229.6
11/05/16,1204.84,1237.92
12/05/16,1222.3,1256.04
13/05/16,1228.71,1262.63
16/05/16,1226.27,1260
17/05/16,1208.26,1241.43
18/05/16,1211.78,1245.11
19/05/16,1214.68,1248.08
20/05/16,1203.07,1236.17
23/05/16,1199.14,1232.03
24/05/16,1204.38,1237.33
25/05/16,1190.13,1222.54
26/05/16,1194.17,1226.73
27/05/16,1192.44,1224.96
31/05/16,1182.93,1215.21
01/06/16,1182.37,1214.62
02/06/16,1174.24,1206.24
03/06/16,1180.73,1212.88
06/06/16,1163.62,1195.38
07/06/16,1162.62,1194.29
08/06/16,1169.37,1201.1
09/06/16,1183.85,1216.04
10/06/16,1203.02,1235.74
13/06/16,1205.98,1238.46
14/06/16,1217.22,1250
15/06/16,1209.8,1242.31
16/06/16,1217.42,1250.26
17/06/16,1204.64,1237.11
20/06/16,1197.85,1230.07
21/06/16,1204.19,1236.58
22/06/16,1203.88,1236.27
23/06/16,1189.27,1221.27
24/06/16,1227.16,1260.14
27/06/16,1263.09,1297.01
28/06/16,1252.47,1286.7
29/06/16,1243.37,1277.24
30/06/16,1247.75,1281.73
01/07/16,1236.22,1269.83
05/07/16,1271.55,1306.13
06/07/16,1267.62,1301.87
07/07/16,1255.38,1289.21
08/07/16,1237.66,1271
11/07/16,1229.7,1262.82
12/07/16,1202.45,1234.83
13/07/16,1208.6,1241.03
14/07/16,1198.53,1230.66
15/07/16,1193.3,1225.29
18/07/16,1184.14,1215.87
19/07/16,1193.51,1225.49
20/07/16,1181.05,1212.73
21/07/16,1173.56,1205.05
22/07/16,1177.98,1209.57
25/07/16,1175.24,1206.75
26/07/16,1166.75,1198
27/07/16,1165.59,1196.8
28/07/16,1171.9,1203.4
29/07/16,1169.74,1201.31
01/08/16,1176.25,1208.04
02/08/16,1185.51,1217.61
03/08/16,1170.01,1201.72
04/08/16,1170.79,1202.66
05/08/16,1155.15,1186.62
08/08/16,1149.69,1181
09/08/16,1155.14,1186.63
10/08/16,1163.57,1195.13
11/08/16,1150.93,1182.39
12/08/16,1150.66,1182.15
15/08/16,1135.59,1166.64
16/08/16,1129.98,1160.87
17/08/16,1136.49,1167.61
18/08/16,1133.97,1165.03
19/08/16,1133.81,1164.81
22/08/16,1138.91,1170.03
23/08/16,1129.57,1160.41
24/08/16,1138.06,1168.94
25/08/16,1139.65,1170.56
26/08/16,1135.64,1166.45
29/08/16,1136.3,1167.07
30/08/16,1131.35,1161.89
31/08/16,1136.05,1166.96
01/09/16,1143.09,1174.12
02/09/16,1145.66,1176.78
06/09/16,1147.73,1178.91
07/09/16,1137.85,1168.81
08/09/16,1130.24,1160.83
09/09/16,1125.65,1156.14
12/09/16,1121.15,1151.57
13/09/16,1122.2,1152.41
14/09/16,1127.29,1157.66
15/09/16,1127.92,1158.16
16/09/16,1126.98,1157.22
19/09/16,1132.1,1162.55
20/09/16,1136.12,1166.64
21/09/16,1140.54,1171.25
22/09/16,1140.21,1170.92
23/09/16,1135.2,1165.78
26/09/16,1145.23,1176.06
27/09/16,1145.05,1175.93
28/09/16,1143.03,1173.51
29/09/16,1146.57,1176.96
30/09/16,1136.56,1166.69
03/10/16,1131.51,1161.42
04/10/16,1121.13,1150.75
05/10/16,1105.18,1134.13
06/10/16,1116.42,1145.65
07/10/16,1118.27,1147.53
10/10/16,1117.56,1146.79
11/10/16,1121.39,1150.73
12/10/16,1132.41,1162.06
13/10/16,1141.66,1171.58
14/10/16,1144.43,1174.41
17/10/16,1149.71,1179.81
18/10/16,1143.87,1173.82
19/10/16,1137.87,1167.53
20/10/16,1135.16,1164.79
21/10/16,1130.93,1160.45
24/10/16,1131.18,1160.7
25/10/16,1132.57,1162.18
26/10/16,1122.09,1151.45
27/10/16,1113.59,1142.41
28/10/16,1117.4,1146.37
31/10/16,1123.1,1152.36
01/11/16,1116.59,1145.69
02/11/16,1119.08,1148.3
03/11/16,1123.87,1153.53
04/11/16,1121.47,1151.06
07/11/16,1116.99,1146.42
08/11/16,1120.97,1150.46
09/11/16,1098.9,1127.79
10/11/16,1064.28,1092.44
11/11/16,1064.3,1092.45
14/11/16,1048.69,1076.31
15/11/16,1053.03,1080.57
16/11/16,1062.96,1090.74
17/11/16,1056.52,1084.26
18/11/16,1058.23,1085.92
21/11/16,1056.43,1084.05
22/11/16,1063.98,1091.76
23/11/16,1062.44,1090.23
25/11/16,1065.84,1093.83
28/11/16,1072.75,1100.85
29/11/16,1082.11,1110.93
30/11/16,1071.67,1100.31
01/12/16,1068.75,1097.33
02/12/16,1072.73,1101.4
05/12/16,1069,1097.57
06/12/16,1067.99,1096.34
07/12/16,1068.6,1097.03
08/12/16,1064.82,1093.09
09/12/16,1059.91,1088.11
12/12/16,1062.84,1091.08
13/12/16,1061.65,1089.98
14/12/16,1064.81,1093.2
15/12/16,1063.38,1091.77
16/12/16,1056.58,1084.66
19/12/16,1060.97,1089.14
20/12/16,1062.08,1090.27
21/12/16,1064.05,1092.2
22/12/16,1067.45,1095.75
23/12/16,1064.71,1092.91
27/12/16,1062.82,1091.02
28/12/16,1063.6,1091.17
29/12/16,1067.71,1095.48
30/12/16,1063.69,1091.34
03/01/17,1054.23,1081.63
04/01/17,1050.01,1077.25
05/01/17,1047.09,1074.27
06/01/17,1046.05,1073.06
09/01/17,1044.1,1071.05
10/01/17,1051.26,1078.39
11/01/17,1054.5,1081.73
12/01/17,1048.46,1075.58
13/01/17,1051.96,1079.17
17/01/17,1046.72,1073.79
18/01/17,1049.74,1076.87
19/01/17,1051.44,1078.5
20/01/17,1053.04,1080.18
23/01/17,1051.43,1078.52
24/01/17,1055.47,1082.7
25/01/17,1058.22,1085.53
26/01/17,1061.84,1089.19
27/01/17,1064.46,1091.9
30/01/17,1061.94,1089.26
31/01/17,1058.32,1085.53
01/02/17,1062.78,1090.13
02/02/17,1057.56,1084.83
03/02/17,1064.15,1091.74
06/02/17,1063.92,1091.54
07/02/17,1064.61,1092.22
08/02/17,1058.66,1086.05
09/02/17,1059.38,1086.83
10/02/17,1056.59,1083.92
13/02/17,1059.29,1086.7
14/02/17,1059.12,1086.55
15/02/17,1057.13,1084.67
16/02/17,1054.99,1082.45
17/02/17,1050.85,1078.17
21/02/17,1050.02,1077.31
22/02/17,1049.84,1077.21
23/02/17,1043.09,1070.37
24/02/17,1041.48,1068.7
27/02/17,1043.11,1070.56
28/02/17,1045.02,1072.55
01/03/17,1061.48,1089.53
02/03/17,1050.67,1078.45
03/03/17,1058.39,1086.33
06/03/17,1062.68,1090.83
07/03/17,1064.33,1092.51
08/03/17,1056.91,1085
09/03/17,1058.05,1086.17
10/03/17,1057.19,1085.52
13/03/17,1061.44,1090.24
14/03/17,1057.38,1086.24
15/03/17,1058.21,1087.14
16/03/17,1058.07,1087
17/03/17,1058.78,1087.77
20/03/17,1060.62,1089.61
21/03/17,1043.65,1072.2
22/03/17,1049.02,1077.71
23/03/17,1050.62,1079.33
24/03/17,1050.8,1079.51
27/03/17,1049.18,1077.84
28/03/17,1053.84,1082.57
29/03/17,1050.03,1078.48
30/03/17,1057.03,1085.82
31/03/17,1056.94,1085.73
03/04/17,1058.04,1086.97
04/04/17,1061.22,1090.2
05/04/17,1055.68,1084.47
06/04/17,1057.9,1086.79
07/04/17,1058.09,1086.98
10/04/17,1048.99,1077.63
11/04/17,1050.45,1079.21
12/04/17,1043.87,1072.44
13/04/17,1040.2,1068.75
17/04/17,1042.12,1070.71
18/04/17,1041.12,1069.68
19/04/17,1040.67,1069.25
20/04/17,1044.82,1073.52
21/04/17,1046.57,1075.32
24/04/17,1058.45,1087.52
25/04/17,1061.69,1090.85
26/04/17,1063.23,1092.63
27/04/17,1060.41,1089.74
28/04/17,1061.41,1090.71
01/05/17,1066.91,1096.36
02/05/17,1056.29,1085.45
03/05/17,1060.3,1089.61
04/05/17,1061.53,1091
05/05/17,1061.64,1091.1
08/05/17,1062.31,1091.73
09/05/17,1060.58,1089.94
10/05/17,1062.2,1091.57
11/05/17,1066.3,1095.85
12/05/17,1069.21,1098.76
15/05/17,1072.51,1102.35
16/05/17,1082.55,1112.65
17/05/17,1063.53,1093.09
18/05/17,1067.35,1097.07
19/05/17,1068.34,1098.08
22/05/17,1070.37,1100.17
23/05/17,1076.1,1106.05
24/05/17,1075.5,1105.57
25/05/17,1079.77,1109.97
26/05/17,1081.08,1111.25
30/05/17,1080.37,1110.75
31/05/17,1080.45,1110.98
01/06/17,1077.48,1107.96
02/06/17,1080.28,1110.85
05/06/17,1081.11,1111.8
06/06/17,1085.38,1116.23
07/06/17,1086.99,1118.02
08/06/17,1097.08,1128.46
09/06/17,1087.29,1118.39
12/06/17,1073.93,1104.63
13/06/17,1077.14,1108.4
14/06/17,1073.39,1104.64
15/06/17,1073.95,1105.18
16/06/17,1078.75,1110.02
19/06/17,1085.89,1117.31
20/06/17,1085.98,1117.44
21/06/17,1085.87,1117.34
22/06/17,1078.37,1109.75
23/06/17,1073.03,1104.28
26/06/17,1065.24,1096.25
27/06/17,1059.31,1090.16
28/06/17,1063.85,1094.85
29/06/17,1059.18,1090.13
30/06/17,1059.83,1090.77
03/07/17,1054.68,1085.6
05/07/17,1069.65,1101
06/07/17,1077.93,1109.55
07/07/17,1083.07,1114.85
10/07/17,1086.93,1118.81
11/07/17,1088.71,1120.71
12/07/17,1090.11,1122.13
13/07/17,1083.78,1115.65
14/07/17,1082.11,1113.95
17/07/17,1079.13,1110.89
18/07/17,1081.1,1112.88
19/07/17,1077.55,1109.18
20/07/17,1074.45,1106.11
21/07/17,1073.99,1105.62
24/07/17,1083.79,1115.77
25/07/17,1076.27,1108.03
26/07/17,1074.72,1106.44
27/07/17,1069.34,1101.07
28/07/17,1073.14,1104.79
31/07/17,1074.01,1105.66
01/08/17,1080.05,1111.96
02/08/17,1089.16,1121.34
03/08/17,1093.11,1125.45
04/08/17,1094.7,1127.12
07/08/17,1098.94,1131.42
08/08/17,1100.63,1133.25
09/08/17,1096.53,1128.94
10/08/17,1089.95,1122.29
11/08/17,1090.29,1122.6
14/08/17,1095.7,1128.16
15/08/17,1103.12,1135.91
16/08/17,1101.06,1133.8
17/08/17,1092.4,1125.07
18/08/17,1097.34,1130.07
21/08/17,1095.1,1127.78
22/08/17,1103.56,1136.54
23/08/17,1100.05,1132.97
24/08/17,1099.23,1132.1
25/08/17,1093.22,1125.9
28/08/17,1098.56,1131.44
29/08/17,1096.68,1129.36
30/08/17,1103.55,1136.47
31/08/17,1104.85,1138
01/09/17,1100.59,1133.59
05/09/17,1090.79,1123.49
06/09/17,1084.41,1116.94
07/09/17,1079.41,1112.04
08/09/17,1084.16,1116.92
11/09/17,1092.28,1125.36
12/09/17,1092.54,1125.66
13/09/17,1088.67,1121.79
14/09/17,1086.38,1119.92
15/09/17,1087.75,1121.29
18/09/17,1098.17,1131.93
19/09/17,1108.67,1142.7
20/09/17,1108.01,1142.03
21/09/17,1111.01,1145.13
22/09/17,1109.92,1144.07
25/09/17,1094.55,1128.44
26/09/17,1091.79,1125.6
27/09/17,1102.92,1137.07
28/09/17,1110.5,1145.43
29/09/17,1113.39,1148.44
02/10/17,1112.19,1147.29
03/10/17,1113.72,1148.97
04/10/17,1114.47,1149.82
05/10/17,1115.19,1150.53
06/10/17,1123.65,1159.16
09/10/17,1127.84,1163.48
10/10/17,1128.38,1164.04
11/10/17,1131.95,1167.72
12/10/17,1132.7,1168.73
13/10/17,1129.82,1165.76
16/10/17,1136.72,1172.84
17/10/17,1131.83,1167.8
18/10/17,1134.73,1170.8
19/10/17,1135.98,1172.12
20/10/17,1139.75,1176.11
23/10/17,1140.12,1176.51
24/10/17,1148.77,1185.48
25/10/17,1148.58,1185.26
26/10/17,1153.12,1190.01
27/10/17,1165.13,1202.31
30/10/17,1162.32,1199.73
31/10/17,1167.21,1204.7
01/11/17,1163.81,1201.19
02/11/17,1174.2,1211.96
03/11/17,1180.13,1218.07
06/11/17,1175.98,1213.95
07/11/17,1175.35,1213.29
08/11/17,1177.76,1215.72
09/11/17,1164.38,1202
10/11/17,1165.15,1202.93
13/11/17,1170.04,1207.99
14/11/17,1173.53,1211.86
15/11/17,1175.62,1214.01
16/11/17,1175.2,1213.41
17/11/17,1169.92,1208.07
20/11/17,1179.12,1217.56
21/11/17,1186.51,1225.21
22/11/17,1178.13,1216.54
24/11/17,1182.6,1221.25
27/11/17,1179.31,1217.85
28/11/17,1180.67,1219.33
29/11/17,1159.55,1197.68
30/11/17,1161.04,1199.48
01/12/17,1158.76,1197.12
04/12/17,1132.85,1170.42
05/12/17,1143.55,1181.44
06/12/17,1150.51,1188.58
07/12/17,1159.93,1198.44
08/12/17,1157.39,1195.81
11/12/17,1155.74,1194.31
12/12/17,1146.76,1185.05
13/12/17,1146,1184.27
14/12/17,1147.69,1186.31
15/12/17,1147.4,1186.1
18/12/17,1144.75,1183.38
19/12/17,1146.78,1185.55
20/12/17,1150.26,1189.12
21/12/17,1143.41,1182.03
22/12/17,1141.08,1179.61
26/12/17,1133.99,1172.35
27/12/17,1138.44,1176.92
28/12/17,1139.01,1178.2
29/12/17,1136.79,1176.14
02/01/18,1133.42,1172.66
03/01/18,1140.51,1180.11
04/01/18,1144.12,1183.8
05/01/18,1151.34,1191.28
08/01/18,1154.62,1194.66
09/01/18,1162.6,1202.94
10/01/18,1161.23,1201.52
11/01/18,1159.94,1200.19
12/01/18,1161.25,1201.58
16/01/18,1161.12,1201.47
17/01/18,1174.58,1215.34
18/01/18,1176.84,1217.73
19/01/18,1178.61,1219.57
22/01/18,1177.38,1218.29
23/01/18,1176.05,1216.94
24/01/18,1174.4,1215.24
25/01/18,1178.42,1219.4
26/01/18,1183.92,1225.1
29/01/18,1176.4,1217.32
30/01/18,1179.53,1220.9
31/01/18,1181.67,1223.17
01/02/18,1189.63,1231.37
02/02/18,1188.24,1229.87
05/02/18,1182.49,1223.96
06/02/18,1189.45,1231.13
07/02/18,1190.05,1231.69
08/02/18,1172.96,1213.99
09/02/18,1177.69,1218.69
12/02/18,1183.78,1224.99
13/02/18,1188.66,1230.19
14/02/18,1194.69,1236.55
15/02/18,1192.33,1233.97
16/02/18,1187.47,1229.11
20/02/18,1193.02,1234.87
21/02/18,1198.17,1240.3
22/02/18,1195.75,1237.8
23/02/18,1194.61,1236.62
26/02/18,1196.75,1238.7
27/02/18,1200.94,1243.14
28/02/18,1203.64,1246.09
01/03/18,1197.13,1239.36
02/03/18,1196.43,1239.14
05/03/18,1193.35,1235.99
06/03/18,1195.82,1238.47
07/03/18,1202.71,1245.61
08/03/18,1208.02,1251.33
09/03/18,1220.6,1264.36
12/03/18,1213.03,1256.56
13/03/18,1208.78,1252.22
14/03/18,1213.46,1257.27
15/03/18,1216.38,1260.46
16/03/18,1212.54,1256.58
19/03/18,1216.32,1260.47
20/03/18,1233.32,1278.05
21/03/18,1232.59,1277.19
22/03/18,1222.72,1266.96
23/03/18,1217.98,1262.05
26/03/18,1232.71,1277.38
27/03/18,1217.94,1262.08
28/03/18,1198.08,1242.71
29/03/18,1205.84,1250.95
02/04/18,1204.31,1249.58
03/04/18,1204.27,1249.53
04/04/18,1201.36,1246.63
05/04/18,1203.9,1249.19
06/04/18,1198.37,1243.44
09/04/18,1207.44,1252.84
10/04/18,1211.71,1257.22
11/04/18,1207.58,1252.93
12/04/18,1221.27,1267.24
13/04/18,1215.89,1261.62
16/04/18,1214.78,1260.55
17/04/18,1223.88,1270.03
18/04/18,1226.36,1272.59
19/04/18,1231.99,1278.47
20/04/18,1235.69,1282.37
23/04/18,1231.68,1278.2
24/04/18,1215.82,1261.76
25/04/18,1207.64,1253.28
26/04/18,1209.78,1255.49
27/04/18,1197.87,1243.75
30/04/18,1203.31,1249.38
01/05/18,1199.19,1245.09
02/05/18,1206.52,1252.7
03/05/18,1216.12,1262.72
04/05/18,1207.35,1253.64
07/05/18,1209.85,1256.38
08/05/18,1218.01,1264.85
09/05/18,1223.23,1270.3
10/05/18,1225.92,1273.04
11/05/18,1230.39,1277.81
14/05/18,1227.89,1275
15/05/18,1230.91,1278.28
16/05/18,1229.46,1276.84
17/05/18,1232.17,1279.82
18/05/18,1238.25,1286.29
21/05/18,1237.19,1285.25
22/05/18,1231.89,1279.64
23/05/18,1233.69,1281.53
24/05/18,1236.54,1284.52
25/05/18,1228.86,1276.53
29/05/18,1222.75,1270.22
30/05/18,1224.15,1271.79
31/05/18,1223.06,1271.05
01/06/18,1234.6,1283.25
04/06/18,1234.95,1283.61
05/06/18,1239.93,1288.81
06/06/18,1238.93,1287.76
07/06/18,1226.17,1274.83
08/06/18,1227.29,1275.94
11/06/18,1221.45,1269.93
12/06/18,1219.9,1268.48
13/06/18,1224.63,1273.37
14/06/18,1219.46,1268.18
15/06/18,1212.05,1260.52
18/06/18,1217.3,1266
19/06/18,1208.88,1257.2
20/06/18,1202.1,1250.15
21/06/18,1198.92,1247.03
22/06/18,1181.28,1228.87
25/06/18,1167.18,1214.3
26/06/18,1172.38,1219.71
27/06/18,1163.55,1210.52
28/06/18,1167.99,1215.93
29/06/18,1168.12,1216.24
02/07/18,1175.25,1223.78
03/07/18,1166.29,1214.52
05/07/18,1160.47,1208.41
06/07/18,1158.86,1206.72
09/07/18,1162.02,1210.08
10/07/18,1160.66,1208.61
11/07/18,1162.15,1210.16
12/07/18,1168.07,1216.4
13/07/18,1168.94,1217.27
16/07/18,1177.46,1226.19
17/07/18,1185.78,1234.89
18/07/18,1194.73,1244.19
19/07/18,1187.68,1236.92
20/07/18,1193.94,1243.44
23/07/18,1197.74,1247.39
24/07/18,1192.45,1241.92
25/07/18,1203.93,1253.88
26/07/18,1195.66,1245.28
27/07/18,1185.02,1234.37
30/07/18,1168.82,1217.7
31/07/18,1165.04,1213.82
01/08/18,1171.96,1221.03
02/08/18,1183.92,1233.44
03/08/18,1173.56,1222.7
06/08/18,1179.45,1228.83
07/08/18,1185.4,1235.03
08/08/18,1188.96,1238.74
09/08/18,1192.85,1242.81
10/08/18,1197.98,1248.36
13/08/18,1195.31,1245.63
14/08/18,1198.78,1249.14
15/08/18,1181.88,1231.66
16/08/18,1181.07,1231.01
17/08/18,1177.72,1227.69
20/08/18,1180.19,1230.3
21/08/18,1178.72,1228.86
22/08/18,1186.49,1236.93
23/08/18,1190.93,1241.7
24/08/18,1194.46,1245.41
27/08/18,1192.73,1243.57
28/08/18,1194.02,1244.9
29/08/18,1196.93,1247.85
30/08/18,1198.81,1250.2
31/08/18,1204.33,1256.13
04/09/18,1214.58,1266.86
05/09/18,1199.3,1251.09
06/09/18,1198.66,1250.61
07/09/18,1197.18,1249.13
10/09/18,1198.87,1250.94
11/09/18,1206.77,1259.18
12/09/18,1202.21,1254.43
13/09/18,1198.87,1250.8
14/09/18,1198.15,1250.13
17/09/18,1183.19,1234.55
18/09/18,1183.37,1234.72
19/09/18,1172.76,1223.61
20/09/18,1168.67,1219.45
21/09/18,1167.38,1218.18
24/09/18,1181.11,1232.49
25/09/18,1192.86,1244.81
26/09/18,1196.05,1248.14
27/09/18,1197.81,1250.45
28/09/18,1196.38,1249.19
01/10/18,1197.69,1250.74
02/10/18,1184.5,1237.1
03/10/18,1191.54,1244.44
04/10/18,1184.78,1237.38
05/10/18,1186.62,1239.27
08/10/18,1173.75,1225.85
09/10/18,1178.43,1230.78
10/10/18,1162.07,1213.69
11/10/18,1166.3,1218.22
12/10/18,1178.3,1230.71
15/10/18,1167.3,1219.15
16/10/18,1170.39,1222.39
17/10/18,1166.48,1218.3
18/10/18,1165,1216.72
19/10/18,1156.67,1208.05
22/10/18,1167.67,1219.52
23/10/18,1162.47,1214.13
24/10/18,1155.22,1206.54
25/10/18,1160.42,1211.95
26/10/18,1163.04,1214.72
29/10/18,1159.66,1211.18
30/10/18,1159.06,1210.62
31/10/18,1168.85,1220.88
01/11/18,1159.71,1211.35
02/11/18,1164.9,1216.9
05/11/18,1162.14,1214.06
06/11/18,1157.64,1209.41
07/11/18,1165.46,1217.54
08/11/18,1161.76,1214.07
09/11/18,1161.71,1214.18
12/11/18,1157.61,1209.89
13/11/18,1154.21,1206.45
14/11/18,1147.65,1199.73
15/11/18,1152.5,1204.93
16/11/18,1147.2,1199.65
19/11/18,1129.76,1181.39
20/11/18,1123.8,1175.13
21/11/18,1125.25,1176.92
23/11/18,1121.39,1172.97
26/11/18,1127.37,1179.24
27/11/18,1123.21,1174.93
28/11/18,1134.07,1186.28
29/11/18,1131.17,1183.15
30/11/18,1133.51,1185.88
03/12/18,1132.21,1184.49
04/12/18,1142.47,1195.31
06/12/18,1148.11,1201.5
07/12/18,1143.87,1197.18
10/12/18,1153.87,1207.61
11/12/18,1158.93,1212.88
12/12/18,1159.59,1213.48
13/12/18,1164.93,1218.88
14/12/18,1163.89,1217.82
17/12/18,1153.36,1206.78
18/12/18,1158.03,1211.79
19/12/18,1163.36,1217.53
20/12/18,1158.34,1212.27
21/12/18,1160.83,1214.86
24/12/18,1157.48,1211.37
26/12/18,1161.77,1215.93
27/12/18,1163.74,1217.79
28/12/18,1163.29,1217.22
31/12/18,1167.41,1221.75
02/01/19,1151.83,1205.5
03/01/19,1147.13,1200.53
04/01/19,1142.18,1195.38
07/01/19,1142.9,1196.14
08/01/19,1144.04,1197.36
09/01/19,1139.49,1192.58
10/01/19,1135.14,1188.13
11/01/19,1130.06,1182.8
14/01/19,1131.19,1183.97
15/01/19,1139.13,1192.24
16/01/19,1138.23,1191.3
17/01/19,1138.03,1191.13
18/01/19,1132.05,1184.97
22/01/19,1139.92,1193.18
23/01/19,1143.81,1197.24
24/01/19,1131.33,1184.22
25/01/19,1124,1176.71
28/01/19,1120.4,1172.95
29/01/19,1117.9,1170.31
30/01/19,1120.41,1172.82
31/01/19,1123.42,1175.96
01/02/19,1122.83,1175.21
04/02/19,1124.87,1177.3
05/02/19,1124.92,1177.37
06/02/19,1122.87,1175.17
07/02/19,1129.54,1182.17
08/02/19,1131.37,1184.09
11/02/19,1128.86,1181.54
12/02/19,1121.72,1174.16
13/02/19,1119.43,1171.77
14/02/19,1123.65,1176.34
15/02/19,1122.43,1175.22
19/02/19,1116.84,1169.37
20/02/19,1110.99,1163.35
21/02/19,1115.65,1168.32
22/02/19,1115.86,1168.55
25/02/19,1111.85,1164.37
26/02/19,1116.14,1168.89
27/02/19,1119.41,1172.28
28/02/19,1128.13,1181.72
01/03/19,1124.65,1178.3
04/03/19,1116.29,1169.63
05/03/19,1122.67,1176.39
06/03/19,1126.37,1180.41
07/03/19,1132.24,1186.8
08/03/19,1133.96,1188.7
11/03/19,1131.68,1186.33
12/03/19,1131.32,1186.02
13/03/19,1130.1,1184.68
14/03/19,1134.95,1189.76
15/03/19,1132.69,1187.36
18/03/19,1129.75,1184.28
19/03/19,1134.48,1189.23
20/03/19,1141.74,1196.86
21/03/19,1142.64,1197.86
22/03/19,1149.52,1205.03
25/03/19,1155.37,1211.31
26/03/19,1149.02,1204.68
27/03/19,1144.96,1200.48
28/03/19,1146.51,1201.98
29/03/19,1143.42,1198.75
01/04/19,1133.42,1188.27
02/04/19,1133.88,1188.78
03/04/19,1130.54,1185.15
04/04/19,1118.35,1172.43
05/04/19,1115.27,1169.19
08/04/19,1113.88,1167.66
09/04/19,1124.54,1178.83
10/04/19,1124.25,1178.57
11/04/19,1124.32,1178.82
12/04/19,1113.73,1167.87
15/04/19,1118.12,1172.4
16/04/19,1107.53,1161.35
17/04/19,1102.57,1156.15
18/04/19,1105.93,1159.67
22/04/19,1112.89,1166.93
23/04/19,1114.44,1168.53
24/04/19,1118.14,1172.39
25/04/19,1130.81,1185.69
26/04/19,1131.51,1186.45
29/04/19,1129.7,1184.45
30/04/19,1133.73,1188.65
01/05/19,1134.78,1189.78
02/05/19,1138.19,1193.3
03/05/19,1133.94,1188.98
06/05/19,1139.03,1194.27
07/05/19,1142.52,1198
08/05/19,1149.5,1205.25
09/05/19,1149.98,1205.92
10/05/19,1153.68,1209.93
13/05/19,1161.73,1218.27
14/05/19,1161.24,1217.72
15/05/19,1161.64,1218.13
16/05/19,1172.37,1229.38
17/05/19,1178.62,1235.98
20/05/19,1182.17,1239.7
21/05/19,1178.28,1235.73
22/05/19,1187.85,1245.76
23/05/19,1188.79,1246.77
24/05/19,1190.6,1248.61
28/05/19,1198.76,1257.11
29/05/19,1196.35,1254.61
30/05/19,1207.48,1266.5
31/05/19,1218.51,1278.23
03/06/19,1205.78,1264.88
04/06/19,1184.12,1242.5
05/06/19,1202.67,1261.98
06/06/19,1209.41,1269.01
07/06/19,1211.04,1270.94
10/06/19,1205.36,1264.98
11/06/19,1198.67,1257.99
12/06/19,1213.82,1273.85
13/06/19,1199.4,1259.13
14/06/19,1208.76,1268.83
17/06/19,1207.75,1267.67
18/06/19,1194.87,1254.23
19/06/19,1204.13,1264
20/06/19,1200.55,1260.26
21/06/19,1196.21,1255.72
24/06/19,1202.67,1262.43
25/06/19,1196.48,1255.94
26/06/19,1176.87,1235.4
27/06/19,1170.41,1228.78
28/06/19,1165,1223.19
01/07/19,1168.95,1227.38
02/07/19,1183.1,1242.11
03/07/19,1186.95,1246.16
05/07/19,1186.94,1246.18
08/07/19,1197.75,1257.41
09/07/19,1200.86,1260.52
10/07/19,1204.64,1264.48
11/07/19,1208.15,1268.22
12/07/19,1198.47,1258.21
15/07/19,1204.54,1264.57
16/07/19,1200.69,1260.53
17/07/19,1209.21,1269.45
18/07/19,1208.92,1269.27
19/07/19,1197.89,1257.82
22/07/19,1198.84,1258.89
23/07/19,1182.74,1242.03
24/07/19,1172.28,1231.06
25/07/19,1184.36,1243.69
26/07/19,1181.56,1240.88
29/07/19,1180.86,1240.2
30/07/19,1168.31,1226.91
31/07/19,1177.33,1236.3
01/08/19,1209.24,1269.73
02/08/19,1219.02,1279.97
05/08/19,1223.72,1284.76
06/08/19,1233.52,1295.07
07/08/19,1241.14,1302.97
08/08/19,1246.2,1308.38
09/08/19,1264.64,1327.75
12/08/19,1272.39,1335.86
13/08/19,1268.35,1331.64
14/08/19,1276.14,1339.8
15/08/19,1293.11,1357.74
16/08/19,1284.14,1348.47
19/08/19,1275.57,1339.73
20/08/19,1278.67,1343.1
21/08/19,1280.41,1345.16
22/08/19,1283.11,1348.1
23/08/19,1292.91,1358.28
26/08/19,1297.49,1363.13
27/08/19,1310.45,1376.67
28/08/19,1302.15,1368.07
29/08/19,1290.85,1356.68
30/08/19,1280.88,1346.34
03/09/19,1296.68,1363.22
04/09/19,1284.83,1350.85
05/09/19,1253.75,1318.3
06/09/19,1251.95,1316.42
09/09/19,1194.99,1256.74
10/09/19,1146.01,1205.46
11/09/19,1125.78,1184.18
12/09/19,1138.95,1198.3
13/09/19,1128.78,1187.57
16/09/19,1121.54,1179.95
17/09/19,1154.55,1214.58
18/09/19,1160.97,1221.4
19/09/19,1168.25,1229
20/09/19,1172.06,1232.93
23/09/19,1173.6,1234.54
24/09/19,1192.81,1254.78
25/09/19,1178.71,1239.97
26/09/19,1192.23,1253.91
27/09/19,1181.04,1242.67
30/09/19,1181.67,1243.27
01/10/19,1204.83,1267.58
02/10/19,1214.94,1278.18
03/10/19,1220.96,1284.57
04/10/19,1229.02,1292.98
07/10/19,1230.28,1294.28
08/10/19,1242.66,1307.35
09/10/19,1247.21,1312
10/10/19,1240.67,1305.27
11/10/19,1212.93,1276.36
14/10/19,1215.64,1279.19
15/10/19,1200.39,1263.22
16/10/19,1196.04,1258.66
17/10/19,1195.59,1258.33
18/10/19,1195.61,1258.34
21/10/19,1182.32,1244.42
22/10/19,1155.33,1216.1
23/10/19,1149.85,1210.35
24/10/19,1163.43,1224.84
25/10/19,1146.54,1207.34
28/10/19,1137.68,1198.06
29/10/19,1146.33,1207.11
30/10/19,1158.09,1219.28
31/10/19,1168.2,1229.94
01/11/19,1139.38,1199.71
04/11/19,1103.32,1161.93
05/11/19,1082.39,1140.01
06/11/19,1099.89,1158.32
07/11/19,1085.78,1143.97
08/11/19,1087.65,1146.09
11/11/19,1098.88,1157.86
12/11/19,1105.92,1165.25
13/11/19,1123.84,1184.1
14/11/19,1127.09,1187.83
15/11/19,1120.03,1180.48
18/11/19,1133.41,1194.58
19/11/19,1144.95,1206.8
20/11/19,1154.43,1216.75
21/11/19,1145.54,1207.55
22/11/19,1134.55,1196.02
25/11/19,1122.73,1183.72
26/11/19,1138.4,1200.21
27/11/19,1132.83,1194.5
29/11/19,1136.57,1198.57
02/12/19,1129.38,1190.99
03/12/19,1140.39,1202.72
04/12/19,1134.52,1196.6
05/12/19,1136.73,1199.1
06/12/19,1125.53,1187.28
09/12/19,1120.58,1182.2
10/12/19,1119.78,1181.46
11/12/19,1119.78,1181.44
12/12/19,1095.94,1156.39
13/12/19,1104.29,1165.37
16/12/19,1103.1,1164.12
17/12/19,1098.03,1158.75
18/12/19,1093.36,1153.82
19/12/19,1091.13,1151.46
20/12/19,1098.24,1158.92
23/12/19,1089.92,1150.09
24/12/19,1092.89,1153.22
26/12/19,1094.88,1155.27
27/12/19,1099.85,1160.5
30/12/19,1097.37,1158.66
31/12/19,1095.71,1156.93
02/01/20,1104.46,1166.36
03/01/20,1112.41,1174.64
06/01/20,1114.32,1176.61
07/01/20,1113.4,1175.73
08/01/20,1115.1,1177.51
09/01/20,1125.74,1188.76
10/01/20,1130.32,1193.58
13/01/20,1138.11,1201.79
14/01/20,1127.96,1191.12
15/01/20,1135.46,1199.02
16/01/20,1132.32,1195.72
17/01/20,1137.82,1201.51
21/01/20,1151.07,1215.51
22/01/20,1156.3,1221.01
23/01/20,1155.55,1220.27
24/01/20,1164.18,1229.61
27/01/20,1175.54,1241.54
28/01/20,1181.59,1247.88
29/01/20,1186.68,1253.25
30/01/20,1193.65,1260.77
31/01/20,1198.59,1266.02
03/02/20,1200.25,1267.81
04/02/20,1198.17,1265.72
05/02/20,1171.25,1237.43
06/02/20,1177.71,1244.17
07/02/20,1189.28,1256.18
10/02/20,1196.86,1264.14
11/02/20,1193.92,1261.06
12/02/20,1187.79,1254.75
13/02/20,1202.08,1270.22
14/02/20,1210.31,1278.87
18/02/20,1219.16,1288.14
19/02/20,1220.15,1289.41
20/02/20,1208.72,1277.7
21/02/20,1204.05,1272.7
24/02/20,1212.62,1281.61
25/02/20,1222.55,1291.82
26/02/20,1238.03,1308.12
27/02/20,1232.4,1302.41
28/02/20,1226.52,1296.29
02/03/20,1243.9,1314.65
03/03/20,1263.31,1335.29
04/03/20,1284.44,1357.71
05/03/20,1297.89,1371.97
06/03/20,1294.7,1368.72
09/03/20,1314.18,1389.34
10/03/20,1317.82,1393.26
11/03/20,1326.13,1401.92
12/03/20,1335.49,1412.04
13/03/20,1332.17,1408.67
16/03/20,1303.38,1378.26
17/03/20,1316.6,1392.39
18/03/20,1321.64,1397.64
19/03/20,1305.52,1380.69
20/03/20,1303.15,1378.15
23/03/20,1308.76,1384.03
24/03/20,1312.93,1388.71
25/03/20,1311.09,1386.8
26/03/20,1328.7,1405.41
27/03/20,1339.46,1416.73
30/03/20,1358.88,1437.56
31/03/20,1345.06,1422.96
01/04/20,1339.98,1417.53
02/04/20,1347.84,1425.94
03/04/20,1340.35,1418.01
06/04/20,1349.17,1427.49
07/04/20,1329.55,1406.79
08/04/20,1330.11,1407.38
09/04/20,1327.98,1405.34
13/04/20,1333.53,1411.23
14/04/20,1353.14,1431.97
15/04/20,1362.62,1441.88
16/04/20,1375.03,1455.23
17/04/20,1367.68,1447.58
20/04/20,1359.27,1438.68
21/04/20,1347.95,1426.83
22/04/20,1368.39,1448.42
23/04/20,1358.81,1438.3
24/04/20,1354.97,1434.28
27/04/20,1343.62,1422.46
28/04/20,1327.43,1405.42
29/04/20,1319.49,1397.16
30/04/20,1326.54,1404.61
01/05/20,1337.94,1416.42
04/05/20,1347.57,1426.59
05/05/20,1363.2,1443.13
06/05/20,1372.54,1452.91
07/05/20,1373.43,1454.12
08/05/20,1355.27,1435.21
11/05/20,1374.1,1454.99